{
  "page": "product-product-002",
  "title": "Classic Hoodie",
  "description": "Warm and cozy hoodie perfect for any season. Features front pocket and adjustable hood.",
  "layout": "_layout",
  "header_theme": "dark",
  "components": [],
  "content": "<div class=\"container my-5\" style=\"padding-top: 60px;\">\r\n  <div class=\"row\">\r\n    <!-- Product Images -->\r\n    <div class=\"col-md-6 mb-4\">\r\n      <div class=\"product-detail-images\">\r\n        <!-- Main Carousel -->\r\n        <div id=\"productCarousel\" class=\"carousel slide\" data-bs-ride=\"false\">\r\n          <div class=\"carousel-inner\">\r\n            \n            <div class=\"carousel-item active\">\n              <img src=\"products/product-002/4KJEV2I_076_Friends_Serie_TV_Saison_2_1995_1996_018_jpg.webp\" class=\"d-block w-100\" alt=\"Classic Hoodie\">\n            </div>\n            <div class=\"carousel-item \">\n              <img src=\"products/product-002/f1.webp\" class=\"d-block w-100\" alt=\"Classic Hoodie\">\n            </div>\n            <div class=\"carousel-item \">\n              <img src=\"products/product-002/images.jpg\" class=\"d-block w-100\" alt=\"Classic Hoodie\">\n            </div>\n            <div class=\"carousel-item \">\n              <img src=\"products/product-002/MV5BOTU2YmM5ZjctOGVlMC00YTczLTljM2MtYjhlNGI5YWMyZjFkXkEyXkFqcGc@._V1_.jpg\" class=\"d-block w-100\" alt=\"Classic Hoodie\">\n            </div>\r\n          </div>\r\n          \n          <button class=\"carousel-control-prev\" type=\"button\" data-bs-target=\"#productCarousel\" data-bs-slide=\"prev\">\n            <span class=\"carousel-control-prev-icon\" aria-hidden=\"true\"></span>\n            <span class=\"visually-hidden\">Previous</span>\n          </button>\n          <button class=\"carousel-control-next\" type=\"button\" data-bs-target=\"#productCarousel\" data-bs-slide=\"next\">\n            <span class=\"carousel-control-next-icon\" aria-hidden=\"true\"></span>\n            <span class=\"visually-hidden\">Next</span>\n          </button>\n          <div class=\"carousel-indicators\">\n            <button type=\"button\" data-bs-target=\"#productCarousel\" data-bs-slide-to=\"0\" class=\"active\" aria-current=\"true\"></button><button type=\"button\" data-bs-target=\"#productCarousel\" data-bs-slide-to=\"1\" ></button><button type=\"button\" data-bs-target=\"#productCarousel\" data-bs-slide-to=\"2\" ></button><button type=\"button\" data-bs-target=\"#productCarousel\" data-bs-slide-to=\"3\" ></button>\n          </div>\r\n        </div>\r\n        \r\n        <!-- Thumbnail Gallery -->\r\n        <div class=\"thumbnail-gallery mt-3\">\r\n          \n            <img src=\"products/product-002/4KJEV2I_076_Friends_Serie_TV_Saison_2_1995_1996_018_jpg.webp\" alt=\"Classic Hoodie\" class=\"thumbnail-image\" data-bs-target=\"#productCarousel\" data-bs-slide-to=\"0\">\n          \n            <img src=\"products/product-002/f1.webp\" alt=\"Classic Hoodie\" class=\"thumbnail-image\" data-bs-target=\"#productCarousel\" data-bs-slide-to=\"1\">\n          \n            <img src=\"products/product-002/images.jpg\" alt=\"Classic Hoodie\" class=\"thumbnail-image\" data-bs-target=\"#productCarousel\" data-bs-slide-to=\"2\">\n          \n            <img src=\"products/product-002/MV5BOTU2YmM5ZjctOGVlMC00YTczLTljM2MtYjhlNGI5YWMyZjFkXkEyXkFqcGc@._V1_.jpg\" alt=\"Classic Hoodie\" class=\"thumbnail-image\" data-bs-target=\"#productCarousel\" data-bs-slide-to=\"3\">\n          \r\n        </div>\r\n      </div>\r\n    </div>\r\n\r\n    <!-- Product Info -->\r\n    <div class=\"col-md-6\">\r\n      <h1 class=\"product-detail-title\">Classic Hoodie</h1>\r\n      <p class=\"product-detail-price\">$49.99</p>\r\n      \r\n      <div class=\"product-detail-description my-4\">\r\n        <h5>Description</h5>\r\n        <p>Warm and cozy hoodie perfect for any season. Features front pocket and adjustable hood.</p>\r\n      </div>\r\n\r\n      <div class=\"social-links d-flex justify-content-center gap-4\">\r\n          <a href=\"https://t.me/Romago235\" target=\"_blank\" aria-label=\"GitHub\">\r\n            <i class=\"bi bi-telegram\"></i>\r\n          </a>\r\n\r\n          <a href=\"https://wa.me/380972354968\" target=\"_blank\" aria-label=\"YouTube\">\r\n            <i class=\"bi bi-whatsapp\"></i>\r\n          </a>\r\n\r\n          <a href=\"https://ig.me/m/furry_merry_fellow\" target=\"_blank\" aria-label=\"Instagram\">\r\n            <i class=\"bi bi-instagram\"></i>\r\n          </a>\r\n\r\n          <a href=\"https://signal.me/#p/+380972354968\" target=\"_blank\" aria-label=\"Twitter\">\r\n            <i class=\"bi bi-signal\"></i>\r\n          </a>\r\n\r\n          <a href=\"viber://chat?number=%2B380972354968\" target=\"_blank\" aria-label=\"Twitter\">\r\n            <img class=\"bi\" style=\"filter: brightness(0) saturate(100%) invert(30%) sepia(47%) saturate(3809%) hue-rotate(208deg) brightness(99%) contrast(102%);\" src=\"assets/images/viber-brands-solid-full.svg\" alt=\"Bootstrap\" width=\"21\" height=\"21\">\r\n          </a>\r\n        </div>\r\n        <!-- <button class=\"btn btn-primary btn-lg w-100 mb-2\">Add to Cart</button> -->\r\n        <!-- <a href=\"shop.html\" class=\"btn btn-outline-secondary w-100\">Back to Shop</a> -->\r\n      </div>\r\n    </div>\r\n  </div>\r\n\r\n  <!-- Additional Product Details -->\r\n  <div class=\"row mt-5\">\r\n    <div class=\"col-12\">\r\n      <ul class=\"nav nav-tabs\" role=\"tablist\">\r\n        <li class=\"nav-item\">\r\n          <a class=\"nav-link active\" data-bs-toggle=\"tab\" href=\"#details\">Details</a>\r\n        </li>\r\n        <li class=\"nav-item\">\r\n          <a class=\"nav-link\" data-bs-toggle=\"tab\" href=\"#shipping\">Shipping</a>\r\n        </li>\r\n      </ul>\r\n      <div class=\"tab-content p-4 border border-top-0\">\r\n        <div id=\"details\" class=\"tab-pane fade show active\">\r\n          <h5>Product Details</h5>\r\n          <p>Warm and cozy hoodie perfect for any season. Features front pocket and adjustable hood.</p>\r\n        </div>\r\n        <div id=\"shipping\" class=\"tab-pane fade\">\r\n          <h5>Shipping Information</h5>\r\n          <p>Free shipping on orders over $50. Standard delivery takes 3-5 business days.</p>\r\n        </div>\r\n      </div>\r\n    </div>\r\n  </div>\r\n</div>"
}