{
  "page": "faq-new-example",
  "title": "FAQ - New Array Format",
  "description": "FAQ using array format",
  "layout": "_layout",
  "header_theme": "light",
  "components": [
    {
      "name": "faq",
      "vars": {
        "FAQ_TITLE": "Frequently Asked Questions",
        "FAQ_SUBTITLE": "Everything you need to know about our services",
        "FAQ_ITEMS": [
          {
            "question": "How do I get started?",
            "answer": "Getting started is easy! Simply sign up for an account, complete your profile, and you'll be ready to go. Our onboarding process takes less than 5 minutes."
          },
          {
            "question": "What payment methods do you accept?",
            "answer": "We accept all major credit cards (Visa, MasterCard, American Express), PayPal, and bank transfers. All payments are processed securely through our encrypted payment gateway."
          },
          {
            "question": "Can I cancel my subscription at any time?",
            "answer": "Yes, you can cancel your subscription at any time from your account settings. There are no cancellation fees, and you'll continue to have access until the end of your current billing period."
          },
          {
            "question": "Do you offer customer support?",
            "answer": "We offer 24/7 customer support via email and live chat. Our dedicated support team typically responds within 2-4 hours. Premium plan members also get priority phone support."
          },
          {
            "question": "Is my data secure?",
            "answer": "Absolutely! We use industry-standard SSL encryption to protect your data. All information is stored on secure servers with regular backups. We are also GDPR compliant and never share your data with third parties."
          },
          {
            "question": "How can I upgrade my plan?",
            "answer": "You can upgrade your plan at any time from your account dashboard. Simply go to Settings > Subscription and select your new plan. Changes take effect immediately."
          },
          {
            "question": "Do you offer refunds?",
            "answer": "Yes, we offer a 30-day money-back guarantee. If you're not satisfied with our service within the first 30 days, contact our support team for a full refund."
          }
        ],
        "FAQ_CTA_TEXT": "Still have questions? We're here to help!",
        "FAQ_CTA_LINK": "contact.html",
        "FAQ_CTA_BUTTON": "Contact Us"
      }
    }
  ]
}
