{
  "page": "index",
  "title": "Home",
  "description": "Welcome to our website",
  "header_theme": "dark",
  "layout": "_layout",
  "components": [
    {
      "name": "hero",
      "vars": {
        "HERO_TITLE": "The Hard Fun",
        "HERO_SUBTITLE": "CRAFTED FOR THE WILD",
        "HERO_BG_IMAGE": "assets/images/hero.png",
        "HERO_HEIGHT": "100vh",
        "HERO_OVERLAY": "0.45"
      }
    },
    {
      "name": "products",
      "vars": {
        "PRODUCTS_TITLE": "Our Products",
        "PRODUCTS_SUBTITLE": "Discover our premium collection",
        "PRODUCTS_DIR": "products",
        "BUTTON_TEXT": "View Details"
      }
    }
  ]
}
