{
  "page": "product-product-003",
  "title": "Designer Cap",
  "description": "Stylish baseball cap with embroidered logo. Adjustable strap for perfect fit.",
  "layout": "_layout",
  "header_theme": "light",
  "components": [],
  "content": "<div class=\"container my-5\" style=\"padding-top: 60px;\">\n  <div class=\"row\">\n    <!-- Product Images -->\n    <div class=\"col-md-6 mb-4\">\n      <div class=\"product-detail-images\">\n        <!-- Main Carousel -->\n        <div id=\"productCarousel\" class=\"carousel slide\" data-bs-ride=\"false\">\n          <div class=\"carousel-inner\">\n            \n            <div class=\"carousel-item active\">\n              <img src=\"products/product-003/4cb4dbb9d54fca9e14d8f0749f0ba34836d08f286be1443792a6f39e7bfb8ebe.jpg\" class=\"d-block w-100\" alt=\"Designer Cap\">\n            </div>\n            <div class=\"carousel-item \">\n              <img src=\"products/product-003/gate-travel-stargate.gif\" class=\"d-block w-100\" alt=\"Designer Cap\">\n            </div>\n            <div class=\"carousel-item \">\n              <img src=\"products/product-003/Spacegate.webp\" class=\"d-block w-100\" alt=\"Designer Cap\">\n            </div>\n            <div class=\"carousel-item \">\n              <img src=\"products/product-003/tumblr_pyuifkQtzV1tu7563o3_540.webp\" class=\"d-block w-100\" alt=\"Designer Cap\">\n            </div>\n            <div class=\"carousel-item \">\n              <img src=\"products/product-003/zj3u5kjj6zle1.gif\" class=\"d-block w-100\" alt=\"Designer Cap\">\n            </div>\n          </div>\n          \n          <button class=\"carousel-control-prev\" type=\"button\" data-bs-target=\"#productCarousel\" data-bs-slide=\"prev\">\n            <span class=\"carousel-control-prev-icon\" aria-hidden=\"true\"></span>\n            <span class=\"visually-hidden\">Previous</span>\n          </button>\n          <button class=\"carousel-control-next\" type=\"button\" data-bs-target=\"#productCarousel\" data-bs-slide=\"next\">\n            <span class=\"carousel-control-next-icon\" aria-hidden=\"true\"></span>\n            <span class=\"visually-hidden\">Next</span>\n          </button>\n          <div class=\"carousel-indicators\">\n            <button type=\"button\" data-bs-target=\"#productCarousel\" data-bs-slide-to=\"0\" class=\"active\" aria-current=\"true\"></button><button type=\"button\" data-bs-target=\"#productCarousel\" data-bs-slide-to=\"1\" ></button><button type=\"button\" data-bs-target=\"#productCarousel\" data-bs-slide-to=\"2\" ></button><button type=\"button\" data-bs-target=\"#productCarousel\" data-bs-slide-to=\"3\" ></button><button type=\"button\" data-bs-target=\"#productCarousel\" data-bs-slide-to=\"4\" ></button>\n          </div>\n        </div>\n        \n        <!-- Thumbnail Gallery -->\n        <div class=\"thumbnail-gallery mt-3\">\n          \n            <img src=\"products/product-003/4cb4dbb9d54fca9e14d8f0749f0ba34836d08f286be1443792a6f39e7bfb8ebe.jpg\" alt=\"Designer Cap\" class=\"thumbnail-image\" data-bs-target=\"#productCarousel\" data-bs-slide-to=\"0\">\n          \n            <img src=\"products/product-003/gate-travel-stargate.gif\" alt=\"Designer Cap\" class=\"thumbnail-image\" data-bs-target=\"#productCarousel\" data-bs-slide-to=\"1\">\n          \n            <img src=\"products/product-003/Spacegate.webp\" alt=\"Designer Cap\" class=\"thumbnail-image\" data-bs-target=\"#productCarousel\" data-bs-slide-to=\"2\">\n          \n            <img src=\"products/product-003/tumblr_pyuifkQtzV1tu7563o3_540.webp\" alt=\"Designer Cap\" class=\"thumbnail-image\" data-bs-target=\"#productCarousel\" data-bs-slide-to=\"3\">\n          \n            <img src=\"products/product-003/zj3u5kjj6zle1.gif\" alt=\"Designer Cap\" class=\"thumbnail-image\" data-bs-target=\"#productCarousel\" data-bs-slide-to=\"4\">\n          \n        </div>\n      </div>\n    </div>\n\n    <!-- Product Info -->\n    <div class=\"col-md-6\">\n      <h1 class=\"product-detail-title\">Designer Cap</h1>\n      <p class=\"product-detail-price\">$19.99</p>\n      \n      <div class=\"product-detail-description my-4\">\n        <h5>Description</h5>\n        <p>Stylish baseball cap with embroidered logo. Adjustable strap for perfect fit.</p>\n      </div>\n\n      <div class=\"product-actions\">\n        <div class=\"social-links d-flex justify-content-center gap-4\">\n          <a href=\"https://instagram.com/yourprofile\" target=\"_blank\" aria-label=\"Instagram\">\n            <i class=\"bi bi-instagram\"></i>\n          </a>\n\n          <a href=\"https://twitter.com/yourprofile\" target=\"_blank\" aria-label=\"Twitter\">\n            <i class=\"bi bi-twitter-x\"></i>\n          </a>\n\n          <a href=\"https://github.com/yourprofile\" target=\"_blank\" aria-label=\"GitHub\">\n            <i class=\"bi bi-telegram\"></i>\n          </a>\n\n          <a href=\"https://youtube.com/@yourprofile\" target=\"_blank\" aria-label=\"YouTube\">\n            <i class=\"bi bi-whatsapp\"></i>\n          </a>\n        </div>\n        <!-- <button class=\"btn btn-primary btn-lg w-100 mb-2\">Add to Cart</button> -->\n        <!-- <a href=\"shop.html\" class=\"btn btn-outline-secondary w-100\">Back to Shop</a> -->\n      </div>\n    </div>\n  </div>\n\n  <!-- Additional Product Details -->\n  <div class=\"row mt-5\">\n    <div class=\"col-12\">\n      <ul class=\"nav nav-tabs\" role=\"tablist\">\n        <li class=\"nav-item\">\n          <a class=\"nav-link active\" data-bs-toggle=\"tab\" href=\"#details\">Details</a>\n        </li>\n        <li class=\"nav-item\">\n          <a class=\"nav-link\" data-bs-toggle=\"tab\" href=\"#shipping\">Shipping</a>\n        </li>\n      </ul>\n      <div class=\"tab-content p-4 border border-top-0\">\n        <div id=\"details\" class=\"tab-pane fade show active\">\n          <h5>Product Details</h5>\n          <p>Stylish baseball cap with embroidered logo. Adjustable strap for perfect fit.</p>\n        </div>\n        <div id=\"shipping\" class=\"tab-pane fade\">\n          <h5>Shipping Information</h5>\n          <p>Free shipping on orders over $50. Standard delivery takes 3-5 business days.</p>\n        </div>\n      </div>\n    </div>\n  </div>\n</div>"
}